98:6D:35:79:C5:82 , 3293
98:6D:35:79:C5:93 , 4925
98:6D:35:79:C5:B7 , 3077
98:6D:35:79:C5:AA , 5780
98:6D:35:79:C5:82 , 3293
98:6D:35:79:C5:93 , 4925
98:6D:35:79:C5:B7 , 3077
98:6D:35:79:C5:AA , 5780
98:6D:35:79:C5:82 , 3293
98:6D:35:79:C5:93 , 4925
98:6D:35:79:C5:B7 , 3077
98:6D:35:79:C5:AA , 5780
98:6D:35:79:C5:82 , 3293
98:6D:35:79:C5:93 , 4925
98:6D:35:79:C5:B7 , 3077
98:6D:35:79:C5:AA , 5780
98:6D:35:79:C5:82 , 3293
98:6D:35:79:C5:93 , 4925
98:6D:35:79:C5:B7 , 3077
98:6D:35:79:C5:AA , 5780
